"id","some val","other val"
12,43,"hello 33"
13,44,"hello 34"
14,45,"hello 35"
15,46,"hello 36"
16,47,"hello 37"
17,48,"hello 38"
18,49,"hello 39"
19,50,"hello 40"
20,51,"hello 41"
21,52,"hello 42"
22,53,"hello 43"
23,54,"hello 44"
24,55,"hello 45"
25,56,"hello 46"
26,57,"hello 47"
27,58,"hello 48"
28,59,"hello 49"
29,60,"hello 50"
30,61,"hello 51"
31,62,"hello 52"
32,63,"hello 53"
33,64,"hello 54"
34,65,"hello 55"
35,66,"hello 56"
36,67,"hello 57"
37,68,"hello 58"
38,69,"hello 59"
39,70,"hello 60"
40,71,"hello 61"
41,72,"hello 62"
42,73,"hello 63"
43,74,"hello 64"
44,75,"hello 65"
45,76,"hello 66"
46,77,"hello 67"
47,78,"hello 68"
48,79,"hello 69"
49,80,"hello 70"
50,81,"hello 71"
51,82,"hello 72"
52,83,"hello 73"
53,84,"hello 74"
54,85,"hello 75"
55,86,"hello 76"
56,87,"hello 77"
57,43,"hello 78"
58,43,"hello 79"
59,43,"hello 80"
60,43,"hello 81"
61,43,"hello 82"
62,43,"hello 83"
63,43,"hello 84"
64,43,"hello 85"
65,44,"hello 86"
66,44,"hello 87"
67,44,"hello 88"
68,44,"hello 89"
69,44,"hello 90"
70,44,"hello 91"
71,44,"hello 92"
72,43,"hello 93"
73,43,"hello 94"
74,43,"hello 95"
75,43,"hello 96"
76,43,"hello 97"
77,43,"hello 98"
78,43,"hello 99"
79,43,"hello 100"
80,43,"hello 101"
81,43,"hello 102"
82,43,"hello 103"
83,43,"hello 104"
84,43,"hello 105"
85,43,"hello 106"
86,43,"hello 107"
87,43,"hello 108"
88,44,"hello 109"
89,44,"hello 110"
90,44,"hello 111"
91,44,"hello 112"
92,44,"hello 113"
93,44,"hello 114"
94,44,"hello 115"
95,43,"hello 116"
96,43,"hello 117"
97,43,"hello 118"
98,43,"hello 119"
99,43,"hello 120"
100,43,"hello 121"
101,43,"hello 122"
102,43,"hello 123"
103,43,"hello 124"
104,43,"hello 125"
105,43,"hello 126"
106,43,"hello 127"
107,43,"hello 128"
108,43,"hello 129"
109,43,"hello 130"
110,43,"hello 131"
111,43,"hello 132"
112,43,"hello 133"
113,43,"hello 134"
114,43,"hello 135"
115,43,"hello 136"
116,43,"hello 137"
117,43,"hello 138"
118,43,"hello 139"
119,43,"hello 140"
120,43,"hello 141"
121,43,"hello 142"
122,43,"hello 143"
123,43,"hello 144"
124,43,"hello 145"
125,43,"hello 146"
126,43,"hello 147"
127,43,"hello 148"
128,43,"hello 149"
129,43,"hello 150"
130,43,"hello 151"
131,43,"hello 152"
132,43,"hello 153"
133,43,"hello 154"
134,43,"hello 155"
135,43,"hello 156"
136,43,"hello 157"
137,43,"hello 158"
138,43,"hello 159"
139,43,"hello 160"
140,43,"hello 161"
141,43,"hello 162"
142,43,"hello 163"
143,43,"hello 164"
144,43,"hello 165"
145,43,"hello 166"
146,43,"hello 167"
147,43,"hello 168"
148,43,"hello 169"
149,43,"hello 170"
150,43,"hello 171"
151,43,"hello 172"
152,43,"hello 173"
153,43,"hello 174"
154,43,"hello 175"
155,43,"hello 176"
156,43,"hello 177"
157,43,"hello 178"
158,43,"hello 179"
159,43,"hello 180"
160,43,"hello 181"
161,43,"hello 182"
162,43,"hello 183"
163,43,"hello 184"
164,43,"hello 185"
165,43,"hello 186"
166,43,"hello 187"
167,43,"hello 188"
168,43,"hello 189"
169,43,"hello 190"
170,43,"hello 191"
171,43,"hello 192"
172,43,"hello 193"
173,43,"hello 194"
174,43,"hello 195"
175,43,"hello 196"
176,43,"hello 197"
177,43,"hello 198"
178,43,"hello 199"
179,43,"hello 200"
180,43,"hello 201"
181,43,"hello 202"
182,43,"hello 203"
183,43,"hello 204"
184,43,"hello 205"
185,43,"hello 206"
186,43,"hello 207"
187,43,"hello 208"
188,43,"hello 209"
189,43,"hello 210"
190,43,"hello 211"
191,43,"hello 212"
192,43,"hello 213"
193,43,"hello 214"
194,43,"hello 215"
195,43,"hello 216"
196,43,"hello 217"
197,43,"hello 218"
198,43,"hello 219"
199,43,"hello 220"
200,43,"hello 221"
201,43,"hello 222"
202,43,"hello 223"
203,43,"hello 224"
204,43,"hello 225"
205,43,"hello 226"
206,43,"hello 227"
207,43,"hello 228"
208,43,"hello 229"
209,43,"hello 230"
210,43,"hello 231"
211,43,"hello 232"
212,43,"hello 233"
213,43,"hello 234"
214,43,"hello 235"
215,43,"hello 236"
216,43,"hello 237"
217,43,"hello 238"
218,43,"hello 239"
219,43,"hello 240"
220,43,"hello 241"
221,43,"hello 242"
222,43,"hello 243"
223,43,"hello 244"
224,43,"hello 245"
225,43,"hello 246"
226,43,"hello 247"
227,43,"hello 248"
228,43,"hello 249"
229,43,"hello 250"
230,43,"hello 251"
231,43,"hello 252"
232,43,"hello 253"
233,43,"hello 254"
234,43,"hello 255"
235,43,"hello 256"
236,43,"hello 257"
237,43,"hello 258"
238,43,"hello 259"
239,43,"hello 260"
240,43,"hello 261"
241,43,"hello 262"
242,43,"hello 263"
243,43,"hello 264"
244,43,"hello 265"
245,43,"hello 266"
246,43,"hello 267"
247,43,"hello '268"""
248,"this 
-- has 
a couple of newlines","hello 269"
249,43,"hello 270"
250,43,"hello 271"
